{
    "name": "root",
    "gauges": {
        "RollerBall.Policy.Entropy.mean": {
            "value": 1.289698839187622,
            "min": 1.289698839187622,
            "max": 1.4214762449264526,
            "count": 70
        },
        "RollerBall.Policy.Entropy.sum": {
            "value": 12864.74609375,
            "min": 12798.193359375,
            "max": 14312.830078125,
            "count": 70
        },
        "RollerBall.Environment.EpisodeLength.mean": {
            "value": 9.937704918032788,
            "min": 9.878128400435255,
            "max": 31.898026315789473,
            "count": 70
        },
        "RollerBall.Environment.EpisodeLength.sum": {
            "value": 9093.0,
            "min": 9074.0,
            "max": 9733.0,
            "count": 70
        },
        "RollerBall.Step.mean": {
            "value": 699999.0,
            "min": 9960.0,
            "max": 699999.0,
            "count": 70
        },
        "RollerBall.Step.sum": {
            "value": 699999.0,
            "min": 9960.0,
            "max": 699999.0,
            "count": 70
        },
        "RollerBall.Policy.ExtrinsicValueEstimate.mean": {
            "value": 0.18339641392230988,
            "min": -0.6660477519035339,
            "max": 0.23505696654319763,
            "count": 70
        },
        "RollerBall.Policy.ExtrinsicValueEstimate.sum": {
            "value": 167.99111938476562,
            "min": -247.5926055908203,
            "max": 214.84207153320312,
            "count": 70
        },
        "RollerBall.Environment.CumulativeReward.mean": {
            "value": 0.23934426229508196,
            "min": -0.628482972136223,
            "max": 0.24805339265850945,
            "count": 70
        },
        "RollerBall.Environment.CumulativeReward.sum": {
            "value": 219.0,
            "min": -216.0,
            "max": 223.0,
            "count": 70
        },
        "RollerBall.Policy.ExtrinsicReward.mean": {
            "value": 0.23934426229508196,
            "min": -0.628482972136223,
            "max": 0.24805339265850945,
            "count": 70
        },
        "RollerBall.Policy.ExtrinsicReward.sum": {
            "value": 219.0,
            "min": -216.0,
            "max": 223.0,
            "count": 70
        },
        "RollerBall.IsTraining.mean": {
            "value": 1.0,
            "min": 1.0,
            "max": 1.0,
            "count": 70
        },
        "RollerBall.IsTraining.sum": {
            "value": 1.0,
            "min": 1.0,
            "max": 1.0,
            "count": 70
        },
        "RollerBall.Losses.PolicyLoss.mean": {
            "value": 0.04045812756133576,
            "min": 0.029127363852846127,
            "max": 0.041501916091268264,
            "count": 68
        },
        "RollerBall.Losses.PolicyLoss.sum": {
            "value": 0.04045812756133576,
            "min": 0.029127363852846127,
            "max": 0.041501916091268264,
            "count": 68
        },
        "RollerBall.Losses.ValueLoss.mean": {
            "value": 0.36154484103123347,
            "min": 0.18982098971803982,
            "max": 0.41116224775711696,
            "count": 68
        },
        "RollerBall.Losses.ValueLoss.sum": {
            "value": 0.36154484103123347,
            "min": 0.18982098971803982,
            "max": 0.41116224775711696,
            "count": 68
        },
        "RollerBall.Policy.LearningRate.mean": {
            "value": 1.2678138631428546e-06,
            "min": 1.2678138631428546e-06,
            "max": 0.00029560928717785713,
            "count": 68
        },
        "RollerBall.Policy.LearningRate.sum": {
            "value": 1.2678138631428546e-06,
            "min": 1.2678138631428546e-06,
            "max": 0.00029560928717785713,
            "count": 68
        },
        "RollerBall.Policy.Epsilon.mean": {
            "value": 0.10042257142857142,
            "min": 0.10042257142857142,
            "max": 0.19853642857142853,
            "count": 68
        },
        "RollerBall.Policy.Epsilon.sum": {
            "value": 0.10042257142857142,
            "min": 0.10042257142857142,
            "max": 0.19853642857142853,
            "count": 68
        },
        "RollerBall.Policy.Beta.mean": {
            "value": 1.2070599999999996e-05,
            "min": 1.2070599999999996e-05,
            "max": 0.0004928285,
            "count": 68
        },
        "RollerBall.Policy.Beta.sum": {
            "value": 1.2070599999999996e-05,
            "min": 1.2070599999999996e-05,
            "max": 0.0004928285,
            "count": 68
        }
    },
    "metadata": {
        "timer_format_version": "0.1.0",
        "start_time_seconds": "1634614301",
        "python_version": "3.8.10 (default, May 19 2021, 13:12:57) [MSC v.1916 64 bit (AMD64)]",
        "command_line_arguments": "C:\\Users\\Ali\\anaconda3\\envs\\ai\\Scripts\\mlagents-learn config/rollerball_config.yaml --run-id=VisionRollerBall_NegRewards_01",
        "mlagents_version": "0.27.0",
        "mlagents_envs_version": "0.27.0",
        "communication_protocol_version": "1.5.0",
        "pytorch_version": "1.9.0",
        "numpy_version": "1.21.0",
        "end_time_seconds": "1634616231"
    },
    "total": 1930.2475353,
    "count": 1,
    "self": 0.006300799999962692,
    "children": {
        "run_training.setup": {
            "total": 0.09439259999999994,
            "count": 1,
            "self": 0.09439259999999994
        },
        "TrainerController.start_learning": {
            "total": 1930.1468419,
            "count": 1,
            "self": 2.1248076000324545,
            "children": {
                "TrainerController._reset_env": {
                    "total": 7.651739899999999,
                    "count": 1,
                    "self": 7.651739899999999
                },
                "TrainerController.advance": {
                    "total": 1920.2846578999677,
                    "count": 144446,
                    "self": 1.907321699918839,
                    "children": {
                        "env_step": {
                            "total": 1660.5504889000301,
                            "count": 144446,
                            "self": 1514.485512999973,
                            "children": {
                                "SubprocessEnvManager._take_step": {
                                    "total": 143.94635160002554,
                                    "count": 144446,
                                    "self": 5.080248700038709,
                                    "children": {
                                        "TorchPolicy.evaluate": {
                                            "total": 138.86610289998683,
                                            "count": 100004,
                                            "self": 46.4285861000013,
                                            "children": {
                                                "TorchPolicy.sample_actions": {
                                                    "total": 92.43751679998553,
                                                    "count": 100004,
                                                    "self": 92.43751679998553
                                                }
                                            }
                                        }
                                    }
                                },
                                "workers": {
                                    "total": 2.1186243000314846,
                                    "count": 144446,
                                    "self": 0.0,
                                    "children": {
                                        "worker_root": {
                                            "total": 1920.9676109000077,
                                            "count": 144446,
                                            "is_parallel": true,