{
    "name": "root",
    "gauges": {
        "RollerBall.Policy.Entropy.mean": {
            "value": 1.27290940284729,
            "min": 1.27290940284729,
            "max": 1.2896888256072998,
            "count": 30
        },
        "RollerBall.Policy.Entropy.sum": {
            "value": 12715.091796875,
            "min": 12655.822265625,
            "max": 12918.8125,
            "count": 30
        },
        "RollerBall.Environment.EpisodeLength.mean": {
            "value": 7.881987577639752,
            "min": 7.639032815198618,
            "max": 8.357677902621722,
            "count": 30
        },
        "RollerBall.Environment.EpisodeLength.sum": {
            "value": 8883.0,
            "min": 8842.0,
            "max": 8928.0,
            "count": 30
        },
        "RollerBall.Step.mean": {
            "value": 999999.0,
            "min": 709991.0,
            "max": 999999.0,
            "count": 30
        },
        "RollerBall.Step.sum": {
            "value": 999999.0,
            "min": 709991.0,
            "max": 999999.0,
            "count": 30
        },
        "RollerBall.Policy.ExtrinsicValueEstimate.mean": {
            "value": 0.31326907873153687,
            "min": 0.13035181164741516,
            "max": 0.31945496797561646,
            "count": 30
        },
        "RollerBall.Policy.ExtrinsicValueEstimate.sum": {
            "value": 354.30731201171875,
            "min": 143.77804565429688,
            "max": 359.75067138671875,
            "count": 30
        },
        "RollerBall.Environment.CumulativeReward.mean": {
            "value": 0.40017746228926354,
            "min": 0.2553191489361702,
            "max": 0.4020427112349118,
            "count": 30
        },
        "RollerBall.Environment.CumulativeReward.sum": {
            "value": 451.0,
            "min": 288.0,
            "max": 451.0,
            "count": 30
        },
        "RollerBall.Policy.ExtrinsicReward.mean": {
            "value": 0.40017746228926354,
            "min": 0.2553191489361702,
            "max": 0.4020427112349118,
            "count": 30
        },
        "RollerBall.Policy.ExtrinsicReward.sum": {
            "value": 451.0,
            "min": 288.0,
            "max": 451.0,
            "count": 30
        },
        "RollerBall.IsTraining.mean": {
            "value": 1.0,
            "min": 1.0,
            "max": 1.0,
            "count": 30
        },
        "RollerBall.IsTraining.sum": {
            "value": 1.0,
            "min": 1.0,
            "max": 1.0,
            "count": 30
        },
        "RollerBall.Losses.PolicyLoss.mean": {
            "value": 0.02999794576317072,
            "min": 0.027308067167177798,
            "max": 0.04154878647532314,
            "count": 29
        },
        "RollerBall.Losses.PolicyLoss.sum": {
            "value": 0.02999794576317072,
            "min": 0.027308067167177798,
            "max": 0.04154878647532314,
            "count": 29
        },
        "RollerBall.Losses.ValueLoss.mean": {
            "value": 0.3832679937283198,
            "min": 0.3554245998462041,
            "max": 0.4459133739272753,
            "count": 29
        },
        "RollerBall.Losses.ValueLoss.sum": {
            "value": 0.3832679937283198,
            "min": 0.3554245998462041,
            "max": 0.4459133739272753,
            "count": 29
        },
        "RollerBall.Policy.LearningRate.mean": {
            "value": 8.53599715499996e-07,
            "min": 8.53599715499996e-07,
            "max": 8.692177102609997e-05,
            "count": 29
        },
        "RollerBall.Policy.LearningRate.sum": {
            "value": 8.53599715499996e-07,
            "min": 8.53599715499996e-07,
            "max": 8.692177102609997e-05,
            "count": 29
        },
        "RollerBall.Policy.Epsilon.mean": {
            "value": 0.10028449999999998,
            "min": 0.10028449999999998,
            "max": 0.1289739,
            "count": 29
        },
        "RollerBall.Policy.Epsilon.sum": {
            "value": 0.10028449999999998,
            "min": 0.10028449999999998,
            "max": 0.1289739,
            "count": 29
        },
        "RollerBall.Policy.Beta.mean": {
            "value": 1.1394049999999993e-05,
            "min": 1.1394049999999993e-05,
            "max": 0.00015197211000000002,
            "count": 29
        },
        "RollerBall.Policy.Beta.sum": {
            "value": 1.1394049999999993e-05,
            "min": 1.1394049999999993e-05,
            "max": 0.00015197211000000002,
            "count": 29
        }
    },
    "metadata": {
        "timer_format_version": "0.1.0",
        "start_time_seconds": "1635449083",
        "python_version": "3.7.11 (default, Jul 27 2021, 09:42:29) [MSC v.1916 64 bit (AMD64)]",
        "command_line_arguments": "C:\\Users\\CIGITI\\.conda\\envs\\ml\\Scripts\\mlagents-learn .\\config\\rollerball_config.yaml --run-id=VisionRollerBall_NegRewards_01 --resume",
        "mlagents_version": "0.27.0",
        "mlagents_envs_version": "0.27.0",
        "communication_protocol_version": "1.5.0",
        "pytorch_version": "1.9.1",
        "numpy_version": "1.21.2",
        "end_time_seconds": "1635449654"
    },
    "total": 570.9545448,
    "count": 1,
    "self": 0.004943100000105005,
    "children": {
        "run_training.setup": {
            "total": 0.0602762,
            "count": 1,
            "self": 0.0602762
        },
        "TrainerController.start_learning": {
            "total": 570.8893254999999,
            "count": 1,
            "self": 0.8183198000037919,
            "children": {
                "TrainerController._reset_env": {
                    "total": 8.5359561,
                    "count": 1,
                    "self": 8.5359561
                },
                "TrainerController.advance": {
                    "total": 561.4805587999962,
                    "count": 72183,
                    "self": 0.8256556999962186,
                    "children": {
                        "env_step": {
                            "total": 454.67837029999953,
                            "count": 72183,
                            "self": 408.11936950000864,
                            "children": {
                                "SubprocessEnvManager._take_step": {
                                    "total": 45.912458599995645,
                                    "count": 72183,
                                    "self": 1.5801186999937045,
                                    "children": {
                                        "TorchPolicy.evaluate": {
                                            "total": 44.33233990000194,
                                            "count": 42859,
                                            "self": 14.163594800005214,
                                            "children": {
                                                "TorchPolicy.sample_actions": {
                                                    "total": 30.168745099996727,
                                                    "count": 42859,
                                                    "self": 30.168745099996727
                                                }
                                            }
                                        }
                                    }
                                },
                                "workers": {
                                    "total": 0.6465421999952596,
                                    "count": 72183,
                                    "self": 0.0,
                                    "children": {
                                        "worker_root": {
                                            "total": 562.2098867999958,
                                            "count": 72183,
                                            "is_parallel": true,