{
    "name": "root",
    "gauges": {
        "RollerBall.Policy.Entropy.mean": {
            "value": 1.330211877822876,
            "min": 1.3299157619476318,
            "max": 1.4238699674606323,
            "count": 50
        },
        "RollerBall.Policy.Entropy.sum": {
            "value": 13194.37109375,
            "min": 13194.37109375,
            "max": 14411.6962890625,
            "count": 50
        },
        "RollerBall.Environment.EpisodeLength.mean": {
            "value": 4.757420091324201,
            "min": 4.486293859649122,
            "max": 21.055187637969095,
            "count": 50
        },
        "RollerBall.Environment.EpisodeLength.sum": {
            "value": 8335.0,
            "min": 8011.0,
            "max": 9544.0,
            "count": 50
        },
        "RollerBall.Step.mean": {
            "value": 499991.0,
            "min": 9989.0,
            "max": 499991.0,
            "count": 50
        },
        "RollerBall.Step.sum": {
            "value": 499991.0,
            "min": 9989.0,
            "max": 499991.0,
            "count": 50
        },
        "RollerBall.Policy.ExtrinsicValueEstimate.mean": {
            "value": 0.5387021899223328,
            "min": 0.07792957872152328,
            "max": 0.5387021899223328,
            "count": 50
        },
        "RollerBall.Policy.ExtrinsicValueEstimate.sum": {
            "value": 945.9610595703125,
            "min": 36.47104263305664,
            "max": 945.9610595703125,
            "count": 50
        },
        "RollerBall.Environment.CumulativeReward.mean": {
            "value": 0.5739577384351799,
            "min": 0.16559139784946236,
            "max": 0.5748820754716981,
            "count": 50
        },
        "RollerBall.Environment.CumulativeReward.sum": {
            "value": 1005.0,
            "min": 77.0,
            "max": 1033.0,
            "count": 50
        },
        "RollerBall.Policy.ExtrinsicReward.mean": {
            "value": 0.5739577384351799,
            "min": 0.16559139784946236,
            "max": 0.5748820754716981,
            "count": 50
        },
        "RollerBall.Policy.ExtrinsicReward.sum": {
            "value": 1005.0,
            "min": 77.0,
            "max": 1033.0,
            "count": 50
        },
        "RollerBall.Losses.PolicyLoss.mean": {
            "value": 0.06041680065620885,
            "min": 0.05724219315905227,
            "max": 0.07309472808537636,
            "count": 50
        },
        "RollerBall.Losses.PolicyLoss.sum": {
            "value": 5.7395960623398405,
            "min": 5.351659292355181,
            "max": 6.5054307995984955,
            "count": 50
        },
        "RollerBall.Losses.ValueLoss.mean": {
            "value": 0.10552911885213433,
            "min": 0.05811653532216862,
            "max": 0.15055187664767528,
            "count": 50
        },
        "RollerBall.Losses.ValueLoss.sum": {
            "value": 10.02526629095276,
            "min": 5.172371643673007,
            "max": 14.151876404881476,
            "count": 50
        },
        "RollerBall.Policy.LearningRate.mean": {
            "value": 2.9898042665894737e-06,
            "min": 2.9898042665894737e-06,
            "max": 0.00029697741480063213,
            "count": 50
        },
        "RollerBall.Policy.LearningRate.sum": {
            "value": 0.000284031405326,
            "min": 0.000284031405326,
            "max": 0.025837035087654996,
            "count": 50
        },
        "RollerBall.Policy.Epsilon.mean": {
            "value": 0.10099656842105263,
            "min": 0.10099656842105263,
            "max": 0.1989924712643678,
            "count": 50
        },
        "RollerBall.Policy.Epsilon.sum": {
            "value": 9.594674,
            "min": 9.594674,
            "max": 17.312345,
            "count": 50
        },
        "RollerBall.Policy.Beta.mean": {
            "value": 1.488318526315789e-05,
            "min": 1.488318526315789e-05,
            "max": 0.0004950631091954023,
            "count": 50
        },
        "RollerBall.Policy.Beta.sum": {
            "value": 0.0014139025999999996,
            "min": 0.0014139025999999996,
            "max": 0.0430704905,
            "count": 50
        },
        "RollerBall.IsTraining.mean": {
            "value": 1.0,
            "min": 1.0,
            "max": 1.0,
            "count": 50
        },
        "RollerBall.IsTraining.sum": {
            "value": 1.0,
            "min": 1.0,
            "max": 1.0,
            "count": 50
        }
    },
    "metadata": {
        "timer_format_version": "0.1.0",
        "start_time_seconds": "1634605133",
        "python_version": "3.8.10 (default, May 19 2021, 13:12:57) [MSC v.1916 64 bit (AMD64)]",
        "command_line_arguments": "C:\\Users\\Ali\\anaconda3\\envs\\ai\\Scripts\\mlagents-learn config/rollerball_config.yaml --run-id=RollerBall_01",
        "mlagents_version": "0.27.0",
        "mlagents_envs_version": "0.27.0",
        "communication_protocol_version": "1.5.0",
        "pytorch_version": "1.9.0",
        "numpy_version": "1.21.0",
        "end_time_seconds": "1634607878"
    },
    "total": 2744.5182209,
    "count": 1,
    "self": 0.007838600000468432,
    "children": {
        "run_training.setup": {
            "total": 0.09011020000000003,
            "count": 1,
            "self": 0.09011020000000003
        },
        "TrainerController.start_learning": {
            "total": 2744.4202720999997,
            "count": 1,
            "self": 1.8164794999120204,
            "children": {
                "TrainerController._reset_env": {
                    "total": 6.069689299999999,
                    "count": 1,
                    "self": 6.069689299999999
                },
                "TrainerController.advance": {
                    "total": 2736.4556235000878,
                    "count": 115954,
                    "self": 1.5895410001185155,
                    "children": {
                        "env_step": {
                            "total": 2449.215579300019,
                            "count": 115954,
                            "self": 2344.6182680999905,
                            "children": {
                                "SubprocessEnvManager._take_step": {
                                    "total": 102.93707640002133,
                                    "count": 115954,
                                    "self": 3.7562303000271413,
                                    "children": {
                                        "TorchPolicy.evaluate": {
                                            "total": 99.18084609999418,
                                            "count": 71431,
                                            "self": 32.681699600002034,
                                            "children": {
                                                "TorchPolicy.sample_actions": {
                                                    "total": 66.49914649999215,
                                                    "count": 71431,
                                                    "self": 66.49914649999215
                                                }
                                            }
                                        }
                                    }
                                },
                                "workers": {
                                    "total": 1.6602348000071014,
                                    "count": 115954,
                                    "self": 0.0,
                                    "children": {
                                        "worker_root": {
                                            "total": 2737.181922300087,
                                            "count": 115954,
                                            "is_parallel": true,
                                            "self": 475.743403900085,