{
    "name": "root",
    "gauges": {
        "RollerBall.Policy.Entropy.mean": {
            "value": 1.3122820854187012,
            "min": 1.3122820854187012,
            "max": 1.4220367670059204,
            "count": 50
        },
        "RollerBall.Policy.Entropy.sum": {
            "value": 13108.3857421875,
            "min": 13090.8173828125,
            "max": 14332.6953125,
            "count": 50
        },
        "RollerBall.Environment.EpisodeLength.mean": {
            "value": 7.642178046672429,
            "min": 7.642178046672429,
            "max": 19.574074074074073,
            "count": 50
        },
        "RollerBall.Environment.EpisodeLength.sum": {
            "value": 8842.0,
            "min": 8832.0,
            "max": 9528.0,
            "count": 50
        },
        "RollerBall.Step.mean": {
            "value": 499994.0,
            "min": 9999.0,
            "max": 499994.0,
            "count": 50
        },
        "RollerBall.Step.sum": {
            "value": 499994.0,
            "min": 9999.0,
            "max": 499994.0,
            "count": 50
        },
        "RollerBall.Policy.ExtrinsicValueEstimate.mean": {
            "value": 0.565874457359314,
            "min": -0.005383077077567577,
            "max": 0.5690248608589172,
            "count": 50
        },
        "RollerBall.Policy.ExtrinsicValueEstimate.sum": {
            "value": 655.8485107421875,
            "min": -2.723836898803711,
            "max": 655.8485107421875,
            "count": 50
        },
        "RollerBall.Environment.CumulativeReward.mean": {
            "value": 0.6361279170267934,
            "min": 0.16872427983539096,
            "max": 0.6361279170267934,
            "count": 50
        },
        "RollerBall.Environment.CumulativeReward.sum": {
            "value": 736.0,
            "min": 82.0,
            "max": 736.0,
            "count": 50
        },
        "RollerBall.Policy.ExtrinsicReward.mean": {
            "value": 0.6361279170267934,
            "min": 0.16872427983539096,
            "max": 0.6361279170267934,
            "count": 50
        },
        "RollerBall.Policy.ExtrinsicReward.sum": {
            "value": 736.0,
            "min": 82.0,
            "max": 736.0,
            "count": 50
        },
        "RollerBall.IsTraining.mean": {
            "value": 1.0,
            "min": 1.0,
            "max": 1.0,
            "count": 50
        },
        "RollerBall.IsTraining.sum": {
            "value": 1.0,
            "min": 1.0,
            "max": 1.0,
            "count": 50
        },
        "RollerBall.Losses.PolicyLoss.mean": {
            "value": 0.028692135098390283,
            "min": 0.027161306810254852,
            "max": 0.040786673532178006,
            "count": 48
        },
        "RollerBall.Losses.PolicyLoss.sum": {
            "value": 0.028692135098390283,
            "min": 0.027161306810254852,
            "max": 0.040786673532178006,
            "count": 48
        },
        "RollerBall.Losses.ValueLoss.mean": {
            "value": 0.10375840440392495,
            "min": 0.056665460020303725,
            "max": 0.1320003350575765,
            "count": 48
        },
        "RollerBall.Losses.ValueLoss.sum": {
            "value": 0.10375840440392495,
            "min": 0.056665460020303725,
            "max": 0.1320003350575765,
            "count": 48
        },
        "RollerBall.Policy.LearningRate.mean": {
            "value": 4.822298392600008e-06,
            "min": 4.822298392600008e-06,
            "max": 0.00029385480204839994,
            "count": 48
        },
        "RollerBall.Policy.LearningRate.sum": {
            "value": 4.822298392600008e-06,
            "min": 4.822298392600008e-06,
            "max": 0.00029385480204839994,
            "count": 48
        },
        "RollerBall.Policy.Epsilon.mean": {
            "value": 0.1016074,
            "min": 0.1016074,
            "max": 0.19795159999999998,
            "count": 48
        },
        "RollerBall.Policy.Epsilon.sum": {
            "value": 0.1016074,
            "min": 0.1016074,
            "max": 0.19795159999999998,
            "count": 48
        },
        "RollerBall.Policy.Beta.mean": {
            "value": 1.7876260000000018e-05,
            "min": 1.7876260000000018e-05,
            "max": 0.00048996284,
            "count": 48
        },
        "RollerBall.Policy.Beta.sum": {
            "value": 1.7876260000000018e-05,
            "min": 1.7876260000000018e-05,
            "max": 0.00048996284,
            "count": 48
        }
    },
    "metadata": {
        "timer_format_version": "0.1.0",
        "start_time_seconds": "1634609961",
        "python_version": "3.8.10 (default, May 19 2021, 13:12:57) [MSC v.1916 64 bit (AMD64)]",
        "command_line_arguments": "C:\\Users\\Ali\\anaconda3\\envs\\ai\\Scripts\\mlagents-learn config/rollerball_config.yaml --run-id=VisionRollerBall",
        "mlagents_version": "0.27.0",
        "mlagents_envs_version": "0.27.0",
        "communication_protocol_version": "1.5.0",
        "pytorch_version": "1.9.0",
        "numpy_version": "1.21.0",
        "end_time_seconds": "1634612716"
    },
    "total": 2755.0398603,
    "count": 1,
    "self": 0.007657800000288262,
    "children": {
        "run_training.setup": {
            "total": 0.0944347000000001,
            "count": 1,
            "self": 0.0944347000000001
        },
        "TrainerController.start_learning": {
            "total": 2754.9377677999996,
            "count": 1,
            "self": 1.7892240000173842,
            "children": {
                "TrainerController._reset_env": {
                    "total": 11.852581500000001,
                    "count": 1,
                    "self": 11.852581500000001
                },
                "TrainerController.advance": {
                    "total": 2741.2122608999825,
                    "count": 113251,
                    "self": 1.5199691999955576,
                    "children": {
                        "env_step": {
                            "total": 2529.036843300001,
                            "count": 113251,
                            "self": 2421.1102165999678,
                            "children": {
                                "SubprocessEnvManager._take_step": {
                                    "total": 106.17856769997636,
                                    "count": 113251,
                                    "self": 3.7108741999520873,
                                    "children": {
                                        "TorchPolicy.evaluate": {
                                            "total": 102.46769350002427,
                                            "count": 71433,
                                            "self": 33.89988600001408,
                                            "children": {
                                                "TorchPolicy.sample_actions": {
                                                    "total": 68.56780750001019,
                                                    "count": 71433,
                                                    "self": 68.56780750001019
                                                }
                                            }
                                        }
                                    }
                                },
                                "workers": {
                                    "total": 1.7480590000568252,
                                    "count": 113251,
                                    "self": 0.0,
                                    "children": {
                                        "worker_root": {
                                            "total": 2742.02280379993,
                                            "count": 113251,
                                            "is_parallel": true,